player_id,accuracy,actions_per_min,reaction_ms_mean,reaction_ms_std,session_min,headshot_ratio,label
p0,0.3644,69.0,303.8,74.1,3,0.1288,legit
p1,0.3502,87.1,269.2,47.2,50.8,0.2744,legit
p2,0.3453,123.2,291.0,47.1,41.6,0.1529,legit
p3,0.4103,93.8,261.7,49.8,57.0,0.2092,legit
p4,0.3057,86.2,294.0,65.5,42.4,0.2502,legit
p5,0.5113,84.8,246.9,47.8,46.1,0.299,legit
p6,0.3309,74.0,232.9,69.8,48.4,0.258,legit
p7,0.2868,100.8,275.3,63.3,50.7,0.2357,legit
p8,0.3943,96.7,283.0,69.5,8.8,0.1976,legit
p9,0.3024,79.0,257.6,82.4,19.4,0.2878,legit
p10,0.2054,86.6,277.3,68.8,47.8,0.2755,legit
p11,0.3121,83.4,308.6,57.1,12.0,0.1407,legit
p12,0.2664,107.4,276.4,70.4,27.3,0.2311,legit
p13,0.39,87.3,290.6,50.1,28.5,0.1933,legit
p14,0.2443,107.2,248.9,60.2,43.7,0.2513,legit
p15,0.3932,92.5,251.0,58.8,4.6,0.1187,legit
p16,0.2342,70.1,288.0,46.4,28.2,0.3109,legit
p17,0.3115,113.4,228.0,56.9,17.9,0.1963,legit
p18,0.4072,51.8,289.5,63.6,24.3,0.1188,legit
p19,0.3458,81.8,280.5,60.3,63.8,0.2032,legit
p20,0.2581,99.5,279.9,80.4,50.0,0.245,legit
p21,0.4571,65.3,241.2,46.1,28.0,0.1236,legit
p22,0.3908,89.4,203.8,44.8,40.6,0.2787,legit
p23,0.4997,167.8,288.6,45.2,3,0.2387,legit
p24,0.275,84.6,242.5,57.9,54.2,0.231,legit
p25,0.3273,69.1,194.6,52.7,34.0,0.3438,legit
p26,0.3504,119.6,247.5,42.2,17.6,0.1692,legit
p27,0.5103,74.5,307.7,46.5,51.8,0.2469,legit
p28,0.3275,94.0,240.5,66.7,26.8,0.1342,legit
p29,0.2378,99.3,341.1,62.4,32.9,0.24,legit
p30,0.4445,100.5,251.5,76.6,42.7,0.3275,legit
p31,0.3547,64.4,208.4,84.8,66.0,0.2074,legit
p32,0.3093,131.5,220.2,46.6,46.6,0.1924,legit
p33,0.3396,90.9,285.2,81.1,36.6,0.2651,legit
p34,0.176,93.8,232.1,41.7,19.2,0.1966,legit
p35,0.4133,61.8,271.4,52.7,29.1,0.2902,legit
p36,0.383,128.4,263.0,49.6,31.0,0.237,legit
p37,0.3541,67.9,274.1,63.4,80.3,0.3514,legit
p38,0.2717,87.8,204.1,51.1,40.7,0.3044,legit
p39,0.2817,78.6,173.4,57.6,15.9,0.1829,legit
p40,0.2699,92.6,190.9,38.0,73.3,0.1299,legit
p41,0.2523,140.9,400.7,42.4,28.4,0.2439,legit
p42,0.4783,70.3,259.0,71.7,42.8,0.1937,legit
p43,0.3293,60.6,259.3,56.0,39.2,0.1811,legit
p44,0.3777,120.3,277.0,65.3,36.0,0.22,legit
p45,0.2823,102.9,265.6,91.4,63.3,0.247,legit
p46,0.279,67.2,323.6,63.9,43.6,0.0979,legit
p47,0.4142,106.4,220.0,52.9,39.7,0.2237,legit
p48,0.3166,92.4,258.7,62.3,61.5,0.0403,legit
p49,0.3211,99.4,283.3,54.4,3.4,0.243,legit
p50,0.4782,56.7,308.9,55.1,33.9,0.1463,legit
p51,0.3132,127.5,296.2,86.0,56.2,0.2507,legit
p52,0.4795,106.0,307.3,55.6,36.2,0.1712,legit
p53,0.4192,65.5,305.2,57.1,56.1,0.2726,legit
p54,0.4857,113.3,199.3,59.0,13.9,0.1837,legit
p55,0.4609,110.9,238.5,44.8,35.6,0.1348,legit
p56,0.2863,102.8,322.0,69.1,3,0.2413,legit
p57,0.3458,105.3,342.7,29.1,24.4,0.2614,legit
p58,0.2135,131.9,286.6,72.7,24.7,0.277,legit
p59,0.4255,100.8,280.5,64.1,19.5,0.2097,legit
p60,0.3278,104.6,315.0,44.1,32.7,0.3237,legit
p61,0.2805,74.4,279.1,72.7,35.2,0.313,legit
p62,0.4085,116.0,294.9,94.9,31.3,0.0798,legit
p63,0.4683,83.6,274.9,79.6,6.2,0.1324,legit
p64,0.2119,75.1,289.8,67.9,40.0,0.1211,legit
p65,0.1552,96.4,248.8,66.9,47.6,0.2297,legit
p66,0.4008,100.7,293.9,49.4,31.8,0.2338,legit
p67,0.4056,85.2,293.5,56.0,32.9,0.2781,legit
p68,0.1806,62.6,203.3,25.0,22.8,0.2725,legit
p69,0.3172,99.9,319.0,79.9,33.8,0.3148,legit
p70,0.3474,74.1,243.3,37.8,19.0,0.1949,legit
p71,0.4043,138.0,207.8,65.9,16.3,0.2532,legit
p72,0.3295,49.2,311.8,50.9,25.4,0.1451,legit
p73,0.2877,105.7,261.5,64.9,41.5,0.3124,legit
p74,0.3126,58.1,318.0,55.0,55.1,0.2468,legit
p75,0.3295,103.7,357.8,91.2,36.2,0.2312,legit
p76,0.4261,73.9,285.0,59.6,40.7,0.1617,legit
p77,0.2128,43.2,219.7,53.1,29.7,0.3556,legit
p78,0.4285,70.9,285.6,53.9,29.9,0.233,legit
p79,0.3895,86.5,317.9,42.9,35.1,0.4018,legit
p80,0.3578,130.8,274.1,68.7,34.0,0.2081,legit
p81,0.2776,105.8,231.7,70.0,54.5,0.2457,legit
p82,0.3171,106.3,256.1,74.0,3,0.1965,legit
p83,0.1807,57.6,331.4,73.4,22.0,0.1148,legit
p84,0.1028,81.4,378.9,66.5,24.9,0.2526,legit
p85,0.2151,87.6,274.5,58.7,49.2,0.2441,legit
p86,0.3935,77.8,310.4,84.4,17.5,0.1579,legit
p87,0.4469,90.2,333.2,53.4,61.2,0.2292,legit
p88,0.3607,134.1,253.7,45.9,26.9,0.2517,legit
p89,0.2147,110.9,245.8,77.2,3,0.1649,legit
p90,0.2051,74.3,281.1,57.3,30.4,0.2089,legit
p91,0.3563,69.8,301.8,69.9,41.9,0.259,legit
p92,0.3637,145.9,266.1,55.4,21.4,0.1477,legit
p93,0.2404,72.8,266.8,65.0,35.9,0.1664,legit
p94,0.412,113.5,262.8,50.2,44.9,0.2332,legit
p95,0.2241,93.3,281.8,46.5,38.4,0.1182,legit
p96,0.4469,126.2,258.6,65.5,3,0.1391,legit
p97,0.3165,68.2,302.1,90.0,13.8,0.1614,legit
p98,0.3588,135.3,215.0,63.7,67.8,0.1044,legit
p99,0.2375,84.4,246.6,72.2,39.3,0.0958,legit
p100,0.3812,80.6,327.4,50.6,23.5,0.2579,legit
p101,0.401,106.2,194.1,68.1,16.4,0.2365,legit
p102,0.2261,106.2,233.7,40.8,47.8,0.2369,legit
p103,0.2909,131.3,250.2,60.5,39.8,0.1766,legit
p104,0.3777,81.7,251.5,80.4,16.3,0.0511,legit
p105,0.4689,158.7,251.8,30.9,29.4,0.2,legit
p106,0.3248,67.2,296.1,67.9,8.1,0.2689,legit
p107,0.5042,99.3,254.8,57.9,46.1,0.0989,legit
p108,0.3532,85.2,353.2,57.4,65.0,0.1427,legit
p109,0.387,103.0,230.9,62.7,56.8,0.1973,legit
p110,0.2046,94.6,229.4,54.9,33.5,0.1006,legit
p111,0.2107,107.1,246.5,21.5,49.1,0.2391,legit
p112,0.2829,62.1,307.6,65.2,77.9,0.2494,legit
p113,0.371,90.8,306.8,69.4,57.5,0.1835,legit
p114,0.3052,83.0,305.6,82.5,26.7,0.1903,legit
p115,0.3651,88.9,312.8,26.2,20.1,0.1652,legit
p116,0.1544,70.9,228.8,57.0,55.0,0.2028,legit
p117,0.2575,93.6,317.2,45.4,18.6,0.2591,legit
p118,0.3223,111.2,269.4,70.5,16.4,0.2192,legit
p119,0.3231,64.6,199.6,70.3,28.7,0.1484,legit
p120,0.3323,123.2,167.4,37.6,18.4,0.3223,legit
p121,0.3626,114.2,218.7,43.2,43.1,0.2241,legit
p122,0.3839,90.3,282.5,62.4,49.0,0.2765,legit
p123,0.2104,38.8,315.1,77.8,16.6,0.0898,legit
p124,0.3479,118.3,350.9,67.7,28.3,0.1575,legit
p125,0.3409,87.5,224.3,90.7,67.1,0.2995,legit
p126,0.2663,116.4,298.8,66.6,57.5,0.2645,legit
p127,0.3992,110.9,285.3,33.2,36.5,0.1811,legit
p128,0.2376,137.0,347.8,80.4,39.6,0.3145,legit
p129,0.341,100.1,220.8,66.0,36.1,0.1288,legit
p130,0.3359,93.0,350.9,73.4,35.2,0.2374,legit
p131,0.3435,89.9,221.3,57.7,21.6,0.1325,legit
p132,0.3809,104.8,189.6,58.2,52.9,0.2941,legit
p133,0.4221,96.0,232.0,43.7,41.2,0.2465,legit
p134,0.443,122.5,264.0,41.3,29.3,0.2352,legit
p135,0.3238,80.6,281.4,52.4,23.7,0.2418,legit
p136,0.3078,101.1,282.3,42.9,26.3,0.3206,legit
p137,0.247,42.1,186.2,60.4,35.6,0.2118,legit
p138,0.4371,30,287.8,83.4,14.7,0.1934,legit
p139,0.2798,72.6,255.3,81.4,68.1,0.1965,legit
p140,0.4924,95.9,348.9,58.6,37.4,0.2456,legit
p141,0.5943,116.3,238.2,74.5,28.5,0.1857,legit
p142,0.4127,95.8,282.5,60.2,41.1,0.2497,legit
p143,0.185,111.7,225.8,38.4,33.9,0.2259,legit
p144,0.2845,115.8,209.6,53.9,24.5,0.2167,legit
p145,0.3623,69.8,302.6,60.9,3,0.0829,legit
p146,0.339,89.5,265.3,59.6,39.1,0.2863,legit
p147,0.2511,65.7,220.8,64.3,57.4,0.1898,legit
p148,0.1399,52.4,232.5,51.6,27.6,0.2227,legit
p149,0.3151,121.2,239.6,47.1,43.6,0.1125,legit
p150,0.3712,97.6,263.4,83.8,23.8,0.3642,legit
p151,0.322,63.1,273.1,43.9,21.5,0.2478,legit
p152,0.3844,79.4,314.4,77.4,60.9,0.2571,legit
p153,0.4491,48.0,255.7,47.0,37.1,0.18,legit
p154,0.3267,142.1,262.4,66.2,30.8,0.2253,legit
p155,0.3405,106.2,322.4,84.7,40.6,0.2613,legit
p156,0.2479,92.8,312.3,73.0,38.8,0.282,legit
p157,0.3793,125.0,283.0,54.7,41.0,0.0149,legit
p158,0.3706,30,192.4,66.8,43.6,0.1386,legit
p159,0.283,129.3,248.2,93.6,35.0,0.2486,legit
p160,0.4693,98.3,224.9,58.4,34.4,0.1245,legit
p161,0.3195,76.4,311.6,60.5,29.9,0.2126,legit
p162,0.3578,110.4,225.0,44.4,54.9,0.1911,legit
p163,0.2267,106.1,290.9,37.0,39.1,0.2715,legit
p164,0.37,110.8,206.8,65.0,29.6,0.1862,legit
p165,0.4096,132.0,350.7,79.7,33.0,0.2447,legit
p166,0.4013,98.0,275.9,72.4,33.9,0.1689,legit
p167,0.3068,110.8,270.1,65.1,47.1,0.1938,legit
p168,0.4005,104.5,214.4,81.6,26.0,0.1041,legit
p169,0.2564,69.5,272.3,55.9,28.9,0.2634,legit
p170,0.3672,102.9,288.4,69.2,3,0.1945,legit
p171,0.1656,95.9,269.8,75.7,56.4,0.2342,legit
p172,0.3,107.1,246.2,60.0,52.8,0.181,legit
p173,0.4045,111.9,227.0,74.6,47.6,0.2271,legit
p174,0.279,73.5,245.8,68.1,17.8,0.2506,legit
p175,0.2407,89.9,274.9,96.7,10.2,0.323,legit
p176,0.352,105.3,275.3,66.7,32.2,0.3218,legit
p177,0.3035,123.3,241.0,59.1,15.7,0.2519,legit
p178,0.4556,93.1,261.1,43.3,30.9,0.1085,legit
p179,0.267,100.7,329.4,102.1,24.4,0.3205,legit
p180,0.3595,91.2,289.5,60.9,37.0,0.1914,legit
p181,0.2282,56.4,299.4,55.8,24.3,0.2206,legit
p182,0.4036,99.5,240.5,78.4,63.4,0.2546,legit
p183,0.4179,126.0,320.9,69.2,45.8,0.2564,legit
p184,0.2522,112.5,209.0,48.1,58.5,0.2788,legit
p185,0.459,88.2,218.1,56.4,36.8,0.2255,legit
p186,0.4307,86.0,285.8,45.2,43.1,0.2202,legit
p187,0.28,89.1,261.7,55.9,66.9,0.2131,legit
p188,0.3205,42.6,229.8,56.1,22.7,0.3167,legit
p189,0.3268,127.2,272.8,60.6,33.4,0.2203,legit
p190,0.4775,37.0,179.9,51.9,35.3,0.2683,legit
p191,0.3778,85.4,315.9,75.5,38.3,0.2874,legit
p192,0.3618,81.0,301.4,61.7,35.0,0.3231,legit
p193,0.1439,59.6,216.6,54.6,30.4,0.1145,legit
p194,0.2612,73.5,380.6,87.0,27.6,0.1945,legit
p195,0.2481,47.3,264.7,45.0,33.5,0.108,legit
p196,0.279,98.7,286.5,66.3,11.2,0.2798,legit
p197,0.276,110.8,269.5,39.4,29.3,0.2456,legit
p198,0.389,91.5,338.9,75.1,30.4,0.2725,legit
p199,0.4947,144.0,214.7,46.1,61.7,0.1459,legit
p200,0.2342,82.8,288.9,58.5,23.3,0.1728,legit
p201,0.283,73.0,372.7,64.5,51.0,0.1858,legit
p202,0.3251,77.2,160,39.3,3,0.0625,legit
p203,0.2444,128.1,268.0,79.4,42.4,0.2748,legit
p204,0.2679,108.1,302.8,51.4,45.1,0.2596,legit
p205,0.296,66.9,216.7,61.3,40.9,0.1645,legit
p206,0.3421,109.3,297.8,83.3,58.0,0.1499,legit
p207,0.4747,81.7,317.0,61.0,27.6,0.0935,legit
p208,0.3263,56.0,313.5,82.8,20.7,0.2411,legit
p209,0.282,79.3,304.9,59.4,66.3,0.1862,legit
p210,0.4199,97.4,305.8,53.3,34.1,0.2119,legit
p211,0.2731,111.6,299.3,68.9,62.7,0.3215,legit
p212,0.31,104.3,241.9,60.4,24.2,0.3334,legit
p213,0.3691,89.5,323.7,27.4,3,0.2757,legit
p214,0.3448,101.3,210.3,59.7,71.1,0.2777,legit
p215,0.3536,84.0,252.2,28.1,39.6,0.2792,legit
p216,0.214,78.5,217.9,45.5,36.0,0.0741,legit
p217,0.3891,113.8,258.7,22.8,17.1,0.3063,legit
p218,0.1178,86.3,216.9,72.1,22.8,0.2483,legit
p219,0.3852,140.9,260.9,65.6,8.3,0.3033,legit
p220,0.2792,81.0,269.0,36.6,39.1,0.2877,legit
p221,0.3634,55.3,264.4,71.1,3,0.1448,legit
p222,0.4101,101.8,288.5,87.9,43.4,0.2661,legit
p223,0.5569,89.7,234.1,66.4,42.9,0.1831,legit
p224,0.2574,152.7,284.7,49.0,51.5,0.2124,legit
p225,0.3198,109.1,211.9,65.3,69.4,0.2526,legit
p226,0.3099,82.3,251.5,56.2,28.2,0.2841,legit
p227,0.2013,116.6,252.9,65.7,14.7,0.313,legit
p228,0.4397,119.0,201.8,72.4,42.3,0.1076,legit
p229,0.3381,104.1,295.0,62.7,40.2,0.3232,legit
p230,0.4381,30,255.7,57.5,3.5,0.2266,legit
p231,0.4399,67.8,285.1,46.3,22.9,0.3234,legit
p232,0.2966,106.6,185.8,87.9,45.8,0.2072,legit
p233,0.386,59.8,323.2,55.1,31.3,0.1856,legit
p234,0.2935,112.4,281.5,69.8,34.8,0.2559,legit
p235,0.3065,150.7,199.4,78.9,59.6,0.1603,legit
p236,0.5183,119.9,313.7,60.4,31.1,0.2053,legit
p237,0.3712,130.0,278.2,46.3,49.8,0.2845,legit
p238,0.3924,113.6,257.8,46.1,19.4,0.1055,legit
p239,0.359,92.9,250.2,20,12.5,0.2985,legit
p240,0.2868,104.0,207.4,81.6,32.4,0.2403,legit
p241,0.5261,132.9,256.2,51.1,29.1,0.2557,legit
p242,0.3316,85.1,336.0,58.3,76.4,0.2264,legit
p243,0.4828,103.9,313.3,49.1,19.6,0.2522,legit
p244,0.4191,96.0,212.1,39.6,9.3,0.0963,legit
p245,0.3488,123.1,269.4,26.1,31.6,0.2086,legit
p246,0.5077,58.6,252.4,85.6,43.1,0.2594,legit
p247,0.3492,103.2,305.0,47.9,50.8,0.1239,legit
p248,0.3663,99.5,242.3,59.7,23.8,0.145,legit
p249,0.3117,67.4,284.5,42.7,47.8,0.1373,legit
p250,0.2947,79.4,329.6,65.0,31.2,0.2549,legit
p251,0.1714,93.9,359.9,62.0,36.2,0.2584,legit
p252,0.4116,45.1,194.3,63.2,22.1,0.3118,legit
p253,0.3148,46.6,212.9,20,30.8,0.2068,legit
p254,0.306,122.0,323.9,57.4,3,0.2632,legit
p255,0.3844,102.7,314.2,42.5,71.2,0.1528,legit
p256,0.3999,52.8,228.1,82.7,30.3,0.2788,legit
p257,0.359,92.4,331.4,56.5,3,0.1638,legit
p258,0.3841,104.9,199.5,49.1,24.5,0.1944,legit
p259,0.2299,79.3,237.2,71.6,49.6,0.2098,legit
p260,0.3086,98.5,233.3,42.8,18.1,0.1756,legit
p261,0.2469,99.1,302.8,36.2,35.5,0.2046,legit
p262,0.3673,94.7,204.6,41.1,35.5,0.292,legit
p263,0.1629,103.6,323.5,57.7,44.9,0.1708,legit
p264,0.3305,54.5,164.5,74.1,17.3,0.1881,legit
p265,0.2291,59.8,262.2,49.1,41.8,0.2517,legit
p266,0.3657,101.0,341.0,44.0,34.0,0.2993,legit
p267,0.4412,59.5,255.9,80.4,44.1,0.2337,legit
p268,0.3226,85.4,283.0,56.2,34.2,0.2255,legit
p269,0.2858,108.3,401.1,33.3,40.8,0.1668,legit
p270,0.3862,96.2,304.3,77.6,38.5,0.2992,legit
p271,0.1525,134.8,286.9,76.2,13.0,0.1618,legit
p272,0.3517,94.6,282.7,76.3,3.2,0.2882,legit
p273,0.3407,89.9,203.8,67.5,3,0.2654,legit
p274,0.2206,96.3,264.6,77.5,31.8,0.1714,legit
p275,0.2995,126.8,294.1,54.2,30.7,0.1103,legit
p276,0.3711,51.0,303.8,61.9,78.0,0.143,legit
p277,0.3318,140.0,323.6,49.6,39.0,0.2201,legit
p278,0.3626,77.5,266.0,36.0,37.4,0.2515,legit
p279,0.3218,54.6,314.5,65.5,21.9,0.2004,legit
p280,0.2199,69.4,245.8,78.4,23.5,0.2648,legit
p281,0.2969,101.2,263.6,73.1,25.4,0.1099,legit
p282,0.2294,81.7,213.8,66.2,26.6,0.3862,legit
p283,0.201,100.1,219.2,52.6,37.5,0.0572,legit
p284,0.3589,142.6,249.6,63.9,53.4,0.2085,legit
p285,0.2935,38.1,298.8,58.3,16.8,0.2289,legit
p286,0.2933,81.8,297.3,39.9,53.9,0.1222,legit
p287,0.287,143.1,320.7,61.5,18.1,0.183,legit
p288,0.3459,95.9,265.9,59.5,31.1,0.1191,legit
p289,0.2987,117.9,208.4,57.2,20.2,0.2278,legit
p290,0.3089,131.9,292.8,40.3,47.1,0.1658,legit
p291,0.2938,102.8,247.9,73.4,21.1,0.1767,legit
p292,0.2875,80.9,319.5,69.4,65.8,0.3787,legit
p293,0.2575,96.8,217.1,48.3,23.7,0.146,legit
p294,0.2558,91.4,215.2,72.6,18.5,0.4167,legit
p295,0.3039,96.8,211.7,85.6,55.2,0.2408,legit
p296,0.2323,100.3,219.5,81.9,49.6,0.2267,legit
p297,0.1451,70.4,300.9,78.2,55.0,0.1086,legit
p298,0.3641,120.4,195.4,59.9,39.9,0.1989,legit
p299,0.1918,86.9,255.3,57.8,24.9,0.189,legit
p300,0.3368,106.1,256.3,53.9,36.7,0.0855,legit
p301,0.3782,95.0,271.8,74.4,3,0.0818,legit
p302,0.3619,94.8,277.7,53.1,47.0,0.2853,legit
p303,0.3787,88.5,175.2,71.5,57.0,0.2651,legit
p304,0.2696,111.8,308.7,83.4,19.2,0.2041,legit
p305,0.3998,96.4,219.7,66.2,45.4,0.2262,legit
p306,0.3576,88.5,336.5,46.5,24.4,0.2208,legit
p307,0.4103,57.6,211.0,29.4,35.6,0.1417,legit
p308,0.3092,111.5,241.1,63.5,29.6,0.267,legit
p309,0.378,77.7,262.4,75.7,42.1,0.1222,legit
p310,0.3924,67.9,333.6,75.4,40.2,0.231,legit
p311,0.3233,112.0,253.3,63.5,50.7,0.1807,legit
p312,0.2907,65.1,222.1,32.6,48.1,0.3466,legit
p313,0.454,54.3,302.6,81.3,26.8,0.2271,legit
p314,0.1794,101.7,222.1,63.0,6.9,0.258,legit
p315,0.422,75.4,218.8,27.7,30.2,0.1793,legit
p316,0.2159,106.3,249.8,43.9,25.0,0.295,legit
p317,0.3882,91.7,297.9,42.6,35.6,0.2303,legit
p318,0.3024,105.9,234.9,67.6,44.9,0.0158,legit
p319,0.4352,30,242.3,75.4,29.3,0.1174,legit
p320,0.2525,120.7,183.5,76.9,34.0,0.1365,legit
p321,0.2934,69.6,309.0,71.0,4.1,0.1917,legit
p322,0.2709,127.3,209.2,84.1,34.4,0.1387,legit
p323,0.2858,75.0,212.6,61.4,12.9,0.0674,legit
p324,0.3096,49.9,236.2,46.4,19.3,0.3601,legit
p325,0.3445,101.1,190.1,50.2,38.9,0.1483,legit
p326,0.4126,64.9,257.1,51.2,38.0,0.1752,legit
p327,0.3183,89.1,237.0,67.3,39.3,0.2138,legit
p328,0.3056,114.9,259.4,55.4,36.9,0.3388,legit
p329,0.2328,114.2,184.8,63.3,63.4,0.2542,legit
p330,0.3537,81.0,271.4,56.2,20.9,0.1997,legit
p331,0.3559,75.8,233.7,39.6,42.0,0.2582,legit
p332,0.3585,119.1,274.0,65.9,40.5,0.2136,legit
p333,0.2975,150.4,249.7,50.0,42.8,0.2376,legit
p334,0.2276,123.1,265.8,43.3,56.4,0.2638,legit
p335,0.2388,139.4,299.6,59.8,63.6,0.2312,legit
p336,0.3378,78.5,296.2,67.1,35.3,0.1647,legit
p337,0.3504,93.3,210.0,37.9,45.2,0.0379,legit
p338,0.3564,83.0,328.9,52.6,46.9,0.1922,legit
p339,0.3491,113.4,249.2,74.9,17.1,0.2406,legit
p340,0.4138,111.5,356.2,48.5,10.2,0.1504,legit
p341,0.3928,107.4,274.6,43.2,48.8,0.1343,legit
p342,0.4327,166.4,286.5,68.7,26.1,0.0933,legit
p343,0.2918,67.7,204.9,85.8,39.9,0.2466,legit
p344,0.3153,90.7,313.4,59.5,44.6,0.2063,legit
p345,0.3126,59.8,181.0,56.1,36.0,0.13,legit
p346,0.3372,96.3,173.0,46.3,42.3,0.2471,legit
p347,0.2477,99.0,316.0,71.7,33.3,0.1872,legit
p348,0.2897,106.7,278.8,69.4,37.4,0.2773,legit
p349,0.3476,114.6,309.2,47.9,3,0.328,legit
p350,0.3605,52.1,237.9,71.6,30.0,0.1842,legit
p351,0.4521,68.8,234.1,63.2,42.0,0.2547,legit
p352,0.4129,100.0,292.0,56.1,36.1,0.2275,legit
p353,0.3572,114.3,295.0,60.7,20.4,0.2247,legit
p354,0.3378,99.8,369.3,52.1,42.6,0.2948,legit
p355,0.3478,153.4,253.0,64.9,20.6,0.1954,legit
p356,0.3599,116.2,284.4,78.9,33.3,0.1967,legit
p357,0.5563,104.9,237.6,49.6,18.0,0.2856,legit
p358,0.3108,98.2,267.1,71.0,19.8,0.1447,legit
p359,0.3579,110.0,285.0,47.9,47.2,0.1679,legit
p360,0.2983,71.4,328.6,69.5,45.9,0.3073,legit
p361,0.565,52.3,236.8,50.8,19.7,0.1446,legit
p362,0.316,64.6,285.1,60.8,43.7,0.2555,legit
p363,0.3882,85.7,365.5,63.5,3,0.1498,legit
p364,0.2008,95.4,264.5,53.0,71.2,0.2584,legit
p365,0.3981,71.7,225.0,60.6,38.1,0.0901,legit
p366,0.3256,95.4,260.3,47.8,25.3,0.2076,legit
p367,0.3473,110.1,318.6,55.6,26.8,0.2506,legit
p368,0.3889,84.1,305.6,74.7,58.3,0.3445,legit
p369,0.2707,95.3,270.5,58.5,23.3,0.116,legit
p370,0.3474,75.8,273.9,48.1,15.2,0.2364,legit
p371,0.3521,109.5,368.4,64.2,43.7,0.1446,legit
p372,0.237,134.6,228.4,44.3,34.3,0.2137,legit
p373,0.2678,87.4,325.3,47.9,9.9,0.286,legit
p374,0.3794,79.5,198.8,48.8,34.0,0.3016,legit
p375,0.2571,92.9,300.4,24.3,53.6,0.1372,legit
p376,0.3666,101.2,318.8,68.3,3,0.1651,legit
p377,0.3511,90.1,291.5,71.8,46.0,0.205,legit
p378,0.1923,83.6,288.7,43.6,46.4,0.2836,legit
p379,0.3501,30,212.5,88.3,25.2,0.0811,legit
p380,0.4388,95.3,319.7,64.2,43.3,0.2454,legit
p381,0.3958,151.9,313.7,36.3,43.0,0.2999,legit
p382,0.4362,84.3,322.4,73.9,81.3,0.1675,legit
p383,0.2994,87.3,247.9,46.6,3,0.1896,legit
p384,0.3695,82.7,357.1,60.2,58.2,0.2383,legit
p385,0.4061,102.0,331.6,60.8,43.9,0.2456,legit
p386,0.3169,105.1,370.5,55.9,42.6,0.308,legit
p387,0.4312,95.3,162.7,67.8,3,0.3229,legit
p388,0.3536,120.0,229.4,36.7,39.7,0.2176,legit
p389,0.3007,97.1,394.5,72.5,53.9,0.2791,legit
p390,0.4584,90.2,177.5,57.2,49.6,0.1521,legit
p391,0.3259,77.7,337.6,71.2,46.7,0.2635,legit
p392,0.337,99.9,216.7,27.2,37.7,0.2427,legit
p393,0.4367,134.3,340.6,45.0,28.7,0.2536,legit
p394,0.5426,132.0,320.4,54.2,19.1,0.2752,legit
p395,0.2519,89.0,264.8,83.9,28.6,0.0493,legit
p396,0.3804,77.5,271.9,58.7,30.1,0.2753,legit
p397,0.2174,82.1,300.8,50.8,6.0,0.2668,legit
p398,0.4298,93.9,181.8,70.6,5.1,0.2416,legit
p399,0.269,66.0,250.1,57.3,23.4,0.2612,legit
p400,0.3043,119.5,282.7,49.5,19.4,0.1047,legit
p401,0.3633,86.1,163.3,52.0,18.8,0.3303,legit
p402,0.2038,59.0,319.9,80.4,21.6,0.1758,legit
p403,0.3893,36.8,186.2,55.8,62.9,0.1895,legit
p404,0.3481,123.3,364.8,51.3,34.7,0.3475,legit
p405,0.2182,120.7,224.2,61.5,30.6,0.1529,legit
p406,0.2614,101.9,314.8,58.1,36.3,0.26,legit
p407,0.2623,113.5,306.9,99.1,28.2,0.1879,legit
p408,0.4015,115.5,245.9,54.0,44.7,0.1621,legit
p409,0.3072,97.2,314.8,50.9,3,0.0858,legit
p410,0.2392,62.2,263.0,42.2,22.4,0.1658,legit
p411,0.3048,128.1,299.8,60.2,26.7,0.1897,legit
p412,0.3662,109.6,229.2,60.5,3,0.2348,legit
p413,0.401,88.0,351.7,46.8,38.9,0.2175,legit
p414,0.332,92.1,274.8,72.7,59.8,0.2198,legit
p415,0.4052,77.5,304.5,48.6,54.6,0.3747,legit
p416,0.3302,40.2,245.3,78.5,45.0,0.2374,legit
p417,0.4207,107.1,324.8,73.8,62.4,0.2451,legit
p418,0.4124,87.3,242.9,85.6,38.9,0.2763,legit
p419,0.3499,80.3,270.5,81.5,45.0,0.1002,legit
p420,0.3228,139.6,260.4,33.0,69.1,0.2678,legit
p421,0.3344,85.7,318.7,51.9,55.7,0.258,legit
p422,0.3596,98.6,262.1,75.7,19.4,0.1065,legit
p423,0.3892,110.8,291.6,66.1,29.2,0.2751,legit
p424,0.3364,82.8,256.0,90.3,3.8,0.255,legit
p425,0.2057,92.3,250.5,28.7,42.0,0.1934,legit
p426,0.1721,116.0,334.6,82.4,41.5,0.2232,legit
p427,0.4463,137.1,321.0,45.9,38.6,0.2508,legit
p428,0.1952,106.7,372.3,69.6,61.5,0.2328,legit
p429,0.3341,104.5,233.3,45.5,57.8,0.3161,legit
p430,0.2607,119.2,266.1,65.1,43.3,0.2896,legit
p431,0.3466,130.3,283.9,69.4,20.0,0.3711,legit
p432,0.3776,112.8,197.6,47.7,57.3,0.2401,legit
p433,0.1869,121.0,245.5,81.2,33.4,0.2343,legit
p434,0.4343,72.6,225.3,57.1,49.9,0.1268,legit
p435,0.2066,115.6,242.9,54.1,3,0.1725,legit
p436,0.3394,118.3,235.3,84.9,22.7,0.1722,legit
p437,0.463,100.3,245.2,57.7,59.4,0.3226,legit
p438,0.2747,93.9,274.1,45.2,34.0,0.2204,legit
p439,0.4312,125.2,255.2,56.8,47.0,0.179,legit
p440,0.3871,92.8,226.4,45.6,61.0,0.2091,legit
p441,0.4712,82.2,283.1,95.9,16.0,0.0872,legit
p442,0.4429,74.3,269.1,51.2,39.8,0.1535,legit
p443,0.3256,106.2,224.6,49.5,28.7,0.12,legit
p444,0.3062,98.0,252.0,55.9,34.6,0.1741,legit
p445,0.3953,130.9,249.1,67.3,30.7,0.2456,legit
p446,0.4653,107.7,190.2,66.8,57.2,0.2045,legit
p447,0.4197,77.7,203.2,62.1,3.4,0.2032,legit
p448,0.4429,47.3,212.4,44.5,33.9,0.1944,legit
p449,0.4519,118.9,292.3,62.2,42.1,0.1597,legit
p450,0.4086,67.2,307.6,77.8,38.8,0.2077,legit
p451,0.372,30,283.6,58.3,34.1,0.2695,legit
p452,0.334,66.5,263.6,61.0,37.1,0.2313,legit
p453,0.4231,67.8,277.9,79.3,3.8,0.2326,legit
p454,0.2932,85.7,229.3,57.5,68.1,0.1315,legit
p455,0.2464,62.5,347.7,53.1,34.5,0.1918,legit
p456,0.2644,89.1,380.6,80.9,19.6,0.2653,legit
p457,0.2735,50.6,315.9,77.4,53.8,0.1871,legit
p458,0.3267,113.7,287.6,54.1,5.9,0.228,legit
p459,0.4263,65.1,298.7,65.0,48.5,0.281,legit
p460,0.2844,54.6,246.0,73.3,25.2,0.1714,legit
p461,0.1943,138.8,307.2,71.5,52.4,0.2604,legit
p462,0.3205,90.9,250.8,99.5,45.0,0.1875,legit
p463,0.3772,69.7,337.7,50.1,44.0,0.2946,legit
p464,0.3708,97.4,270.5,59.2,24.6,0.1885,legit
p465,0.4584,92.3,234.6,52.3,54.8,0.2673,legit
p466,0.3848,88.6,295.8,50.3,30.3,0.2879,legit
p467,0.4099,70.5,231.5,61.6,66.1,0.0859,legit
p468,0.3623,60.6,241.5,54.5,27.4,0.1826,legit
p469,0.3406,81.6,204.2,71.7,48.6,0.279,legit
p470,0.2167,102.5,300.4,44.5,35.2,0.2119,legit
p471,0.4874,143.1,195.1,97.4,18.5,0.2886,legit
p472,0.4176,70.1,292.2,58.4,45.0,0.2361,legit
p473,0.4357,96.9,262.4,76.4,45.4,0.2712,legit
p474,0.2868,68.9,244.5,50.7,49.2,0.2883,legit
p475,0.3276,130.8,331.6,63.7,20.2,0.3303,legit
p476,0.3351,98.2,254.7,46.7,8.6,0.2643,legit
p477,0.2773,171.5,221.1,41.1,44.2,0.3271,legit
p478,0.3452,109.3,187.0,49.8,15.7,0.0873,legit
p479,0.3494,38.9,210.5,51.9,20.0,0.2477,legit
p480,0.3644,117.3,303.9,77.1,35.0,0.2412,legit
p481,0.3809,98.5,252.1,55.0,20.3,0.2495,legit
p482,0.3325,78.4,240.2,41.8,52.6,0.2255,legit
p483,0.271,115.2,244.8,38.9,53.4,0.1824,legit
p484,0.3073,96.0,321.4,60.3,13.4,0.2581,legit
p485,0.3012,142.2,269.9,26.5,41.4,0.3561,legit
p486,0.4661,140.8,224.1,73.7,22.0,0.2357,legit
p487,0.2382,78.9,239.6,73.5,49.4,0.2394,legit
p488,0.232,87.2,236.4,73.0,56.2,0.2939,legit
p489,0.2796,30,190.5,81.3,27.8,0.1674,legit
p490,0.4714,126.6,271.1,55.6,32.6,0.2359,legit
p491,0.468,105.6,302.7,77.5,13.9,0.2728,legit
p492,0.3164,32.1,174.2,44.7,44.6,0.228,legit
p493,0.3547,143.8,212.9,59.6,40.5,0.1685,legit
p494,0.3423,55.0,333.4,49.8,71.6,0.2177,legit
p495,0.4222,93.7,268.6,51.2,37.1,0.2423,legit
p496,0.2773,91.9,242.5,94.5,33.4,0.3282,legit
p497,0.3244,101.5,210.5,53.3,38.8,0.331,legit
p498,0.3578,129.6,298.8,84.4,33.9,0.3873,legit
p499,0.3012,75.8,215.5,95.0,49.8,0.1966,legit
p500,0.4399,112.2,358.5,36.8,30.2,0.1876,legit
p501,0.1821,121.5,257.8,71.1,77.5,0.1953,legit
p502,0.3063,98.0,314.4,51.5,23.6,0.294,legit
p503,0.3703,43.9,214.9,82.5,42.2,0.1666,legit
p504,0.3264,95.3,303.1,39.6,19.9,0.2391,legit
p505,0.332,109.3,214.7,65.4,54.6,0.2541,legit
p506,0.3511,92.6,232.4,58.9,57.7,0.2117,legit
p507,0.2688,82.7,279.0,54.4,43.7,0.2566,legit
p508,0.4111,130.6,314.8,46.0,18.7,0.2147,legit
p509,0.3039,66.5,250.1,52.9,22.9,0.1979,legit
p510,0.4343,100.0,381.2,62.6,29.8,0.2203,legit
p511,0.3605,105.9,363.5,47.3,50.5,0.2345,legit
p512,0.2143,114.3,327.0,47.1,34.8,0.0992,legit
p513,0.2393,121.2,249.0,43.4,39.1,0.1834,legit
p514,0.3023,113.5,217.7,46.4,37.8,0.2879,legit
p515,0.4391,78.4,312.2,48.2,67.9,0.1406,legit
p516,0.4463,78.6,360.6,68.9,16.7,0.1834,legit
p517,0.4025,121.3,266.8,60.7,48.7,0.2292,legit
p518,0.2365,74.7,280.6,78.2,64.1,0.2746,legit
p519,0.363,113.7,240.0,57.7,20.2,0.1326,legit
p520,0.3667,99.6,300.9,68.2,39.4,0.259,legit
p521,0.3366,105.3,237.3,65.5,47.0,0.1731,legit
p522,0.3441,79.4,246.3,43.1,57.8,0.2946,legit
p523,0.383,144.3,261.5,105.5,30.9,0.2379,legit
p524,0.3082,104.3,307.6,58.3,67.0,0.2367,legit
p525,0.3616,72.3,288.8,58.0,24.1,0.1656,legit
p526,0.5537,88.4,204.4,49.5,34.1,0.2583,legit
p527,0.3844,111.9,241.0,65.1,19.2,0.1766,legit
p528,0.2666,65.3,317.9,70.3,52.6,0.2228,legit
p529,0.4021,51.0,308.8,62.7,46.3,0.2466,legit
p530,0.261,57.5,238.0,68.5,47.4,0.1242,legit
p531,0.2615,76.9,253.9,39.6,9.4,0.1625,legit
p532,0.3469,65.5,264.8,75.9,11.6,0.2055,legit
p533,0.422,84.5,244.2,77.5,29.5,0.2973,legit
p534,0.3743,86.4,291.6,64.8,53.4,0.1816,legit
p535,0.3433,93.5,301.7,44.6,53.3,0.2526,legit
p536,0.2346,125.2,370.5,75.0,60.7,0.226,legit
p537,0.2071,48.9,281.5,51.1,18.5,0.2156,legit
p538,0.3892,58.7,249.8,82.6,15.6,0.2809,legit
p539,0.3012,108.6,319.4,71.1,51.4,0.1394,legit
p540,0.4291,73.7,281.7,63.9,43.7,0.2436,legit
p541,0.2725,61.3,309.3,62.8,55.7,0.2169,legit
p542,0.2276,119.2,253.3,65.1,23.3,0.3351,legit
p543,0.2699,86.6,274.8,43.6,40.9,0.3328,legit
p544,0.3008,104.9,160,59.4,29.4,0.1627,legit
p545,0.4265,86.8,262.0,54.3,3,0.1408,legit
p546,0.4169,42.3,235.5,54.0,66.4,0.2738,legit
p547,0.2954,127.6,236.7,75.1,10.5,0.2951,legit
p548,0.3075,69.3,260.2,64.2,26.1,0.2588,legit
p549,0.2934,110.5,289.9,59.1,27.1,0.2306,legit
p550,0.384,146.5,312.3,74.6,90.6,0.2561,legit
p551,0.3788,112.6,224.6,53.3,25.9,0.2653,legit
p552,0.3261,98.5,318.9,72.9,32.1,0.1731,legit
p553,0.4308,114.3,197.7,55.3,38.0,0.2745,legit
p554,0.4128,102.1,296.3,61.0,22.9,0.2017,legit
p555,0.3415,94.1,185.1,54.0,36.0,0.2003,legit
p556,0.3203,107.2,221.4,35.6,28.7,0.2735,legit
p557,0.475,114.6,203.9,56.5,39.6,0.2324,legit
p558,0.3831,72.1,272.9,66.3,49.9,0.1636,legit
p559,0.3124,30,242.0,52.1,16.6,0.2316,legit
p560,0.3355,38.5,279.7,46.1,43.7,0.1303,legit
p561,0.3424,87.9,283.6,61.9,30.4,0.1125,legit
p562,0.2218,80.4,269.6,50.9,46.3,0.2005,legit
p563,0.2628,88.0,280.2,64.9,68.8,0.1732,legit
p564,0.3341,105.7,268.9,52.5,7.1,0.1842,legit
p565,0.2541,51.8,234.2,44.3,45.5,0.2621,legit
p566,0.2677,88.5,186.4,52.6,42.2,0.2777,legit
p567,0.283,121.3,201.8,41.3,47.8,0.337,legit
p568,0.3795,94.0,171.2,29.7,37.3,0.1949,legit
p569,0.2515,96.6,275.2,74.2,37.5,0.306,legit
p570,0.3406,92.1,317.9,45.3,85.7,0.2463,legit
p571,0.3705,108.1,354.5,71.9,6.1,0.3182,legit
p572,0.3127,97.7,212.4,67.9,23.3,0.227,legit
p573,0.3173,143.1,359.2,60.7,36.2,0.1939,legit
p574,0.4285,86.8,251.0,74.7,25.3,0.2174,legit
p575,0.2135,112.6,357.3,70.8,61.3,0.1608,legit
p576,0.3589,71.4,259.8,71.6,36.8,0.1211,legit
p577,0.2348,60.5,292.1,91.0,59.5,0.0873,legit
p578,0.4537,118.4,200.5,55.5,54.7,0.2585,legit
p579,0.2353,110.3,173.8,56.7,55.5,0.2213,legit
p580,0.3001,117.2,313.9,79.7,50.7,0.2957,legit
p581,0.3986,101.6,274.0,56.4,13.2,0.1531,legit
p582,0.3174,101.0,334.8,59.4,53.1,0.2956,legit
p583,0.3215,109.9,259.0,79.8,46.4,0.1367,legit
p584,0.3529,136.2,261.8,66.7,44.8,0.1474,legit
p585,0.3809,60.2,241.8,76.1,41.4,0.1987,legit
p586,0.3757,93.5,270.6,69.9,21.9,0.2228,legit
p587,0.315,55.4,228.6,83.5,41.9,0.1273,legit
p588,0.2168,92.2,340.3,57.2,58.5,0.2446,legit
p589,0.3777,61.6,312.2,55.0,50.5,0.163,legit
p590,0.3542,103.8,263.1,66.1,30.2,0.1746,legit
p591,0.4684,121.2,235.8,68.5,21.6,0.1371,legit
p592,0.4227,52.4,311.7,56.2,31.2,0.2487,legit
p593,0.3865,74.3,302.3,61.7,12.4,0.2081,legit
p594,0.4505,136.9,302.3,42.1,43.8,0.2796,legit
p595,0.3981,114.6,286.3,58.9,24.0,0.0871,legit
p596,0.3672,99.7,295.1,39.9,46.6,0.3638,legit
p597,0.3463,93.5,283.9,90.5,16.6,0.2342,legit
p598,0.276,81.3,267.8,80.2,67.4,0.2514,legit
p599,0.3099,157.3,250.8,51.4,3.1,0.3177,legit
p600,0.4175,155.4,207.5,81.9,36.3,0.2764,legit
p601,0.2082,131.7,305.4,59.4,46.6,0.1664,legit
p602,0.2936,83.4,186.6,72.9,56.4,0.1709,legit
p603,0.3679,88.4,284.8,50.6,19.1,0.2936,legit
p604,0.3349,145.6,272.1,46.1,57.1,0.2642,legit
p605,0.3981,124.8,240.6,58.1,31.9,0.1296,legit
p606,0.3189,128.4,280.7,39.8,7.0,0.3365,legit
p607,0.3328,78.8,257.7,37.8,60.6,0.1925,legit
p608,0.4494,96.3,334.3,63.9,50.4,0.2703,legit
p609,0.3899,103.7,259.5,88.7,18.7,0.2203,legit
p610,0.3412,105.1,250.7,64.7,32.0,0.1093,legit
p611,0.3408,67.5,192.0,62.1,43.8,0.2569,legit
p612,0.3854,46.7,208.8,89.6,16.2,0.2628,legit
p613,0.285,97.0,241.5,68.4,37.5,0.1886,legit
p614,0.256,101.7,215.4,66.4,82.3,0.3145,legit
p615,0.3975,92.9,182.8,40.2,58.1,0.1647,legit
p616,0.2841,90.9,222.2,41.6,34.1,0.1576,legit
p617,0.2807,75.5,293.5,56.5,31.8,0.2618,legit
p618,0.3286,88.0,291.2,70.0,32.4,0.2256,legit
p619,0.2775,73.5,304.6,66.7,43.2,0.2397,legit
p620,0.3437,112.4,312.1,73.7,33.2,0.3171,legit
p621,0.3583,110.8,282.7,63.7,21.8,0.2691,legit
p622,0.5676,85.6,273.2,53.3,26.2,0.3281,legit
p623,0.2862,83.1,198.6,48.6,4.2,0.2642,legit
p624,0.564,85.8,195.0,73.5,21.9,0.311,legit
p625,0.3174,79.2,262.0,71.4,30.9,0.1852,legit
p626,0.3241,63.2,287.9,33.2,27.0,0.2732,legit
p627,0.3642,109.8,267.1,77.5,51.6,0.2512,legit
p628,0.4142,113.8,250.2,39.8,42.6,0.2582,legit
p629,0.4272,71.6,229.2,66.9,33.7,0.088,legit
p630,0.37,48.7,227.5,80.3,67.8,0.1349,legit
p631,0.3136,96.1,350.2,52.6,26.4,0.3284,legit
p632,0.31,113.1,203.5,57.4,5.1,0.1461,legit
p633,0.4071,93.8,255.6,48.8,31.0,0.2411,legit
p634,0.4186,30,232.6,62.4,33.2,0.2482,legit
p635,0.3614,87.4,246.3,56.3,55.7,0.1688,legit
p636,0.335,99.6,340.2,55.5,52.3,0.3062,legit
p637,0.3349,89.7,255.2,56.2,50.4,0.2362,legit
p638,0.3588,66.9,226.5,92.2,31.8,0.1658,legit
p639,0.4545,102.0,296.0,57.9,29.3,0.2081,legit
p640,0.2294,92.8,283.3,87.8,36.5,0.0566,legit
p641,0.3325,163.5,309.0,47.8,45.6,0.1681,legit
p642,0.2317,86.3,274.1,31.9,14.3,0.2207,legit
p643,0.3073,104.9,215.3,70.7,13.7,0.335,legit
p644,0.2027,67.7,288.8,85.0,40.7,0.2594,legit
p645,0.3414,69.3,247.9,41.8,12.0,0.2481,legit
p646,0.2501,103.0,211.4,64.4,26.2,0.3185,legit
p647,0.3659,125.9,236.0,60.8,17.3,0.191,legit
p648,0.319,76.9,215.3,38.8,3,0.1461,legit
p649,0.3902,55.0,208.4,86.9,23.5,0.2425,legit
p650,0.3914,111.6,201.5,56.5,5.9,0.3912,legit
p651,0.2124,68.8,223.2,37.6,59.3,0.3896,legit
p652,0.3019,62.0,169.3,56.3,29.3,0.1744,legit
p653,0.3577,104.9,284.5,55.3,15.2,0.2666,legit
p654,0.341,117.2,305.6,38.7,9.2,0.1671,legit
p655,0.2555,113.9,285.8,76.5,42.1,0.2346,legit
p656,0.436,106.7,273.1,82.2,37.1,0.1987,legit
p657,0.273,112.6,325.7,59.2,58.5,0.0821,legit
p658,0.3356,94.0,237.3,95.8,33.8,0.1915,legit
p659,0.3421,44.9,235.8,74.7,23.7,0.162,legit
p660,0.4448,128.5,293.3,53.2,30.7,0.1637,legit
p661,0.2604,68.9,242.2,44.5,6.9,0.2354,legit
p662,0.3588,137.5,239.9,64.4,40.6,0.2022,legit
p663,0.3995,114.4,284.7,56.2,28.6,0.1243,legit
p664,0.2755,79.4,219.4,66.6,56.5,0.1564,legit
p665,0.3627,69.1,256.3,49.6,45.8,0.1725,legit
p666,0.4209,88.9,240.8,41.2,39.6,0.2827,legit
p667,0.3619,151.0,334.3,55.4,29.3,0.2529,legit
p668,0.273,124.2,286.3,63.8,47.4,0.3406,legit
p669,0.3537,92.2,337.9,74.5,29.2,0.2204,legit
p670,0.3556,104.0,209.0,36.9,19.0,0.1525,legit
p671,0.2885,110.9,262.4,62.9,13.0,0.1877,legit
p672,0.387,109.9,237.4,62.4,74.6,0.2188,legit
p673,0.2845,90.7,274.1,57.7,34.4,0.119,legit
p674,0.263,91.3,262.6,51.5,31.8,0.2243,legit
p675,0.4112,92.5,288.0,51.9,45.3,0.2463,legit
p676,0.4093,112.8,296.5,58.5,39.4,0.2944,legit
p677,0.2878,79.3,278.2,66.2,20.2,0.2148,legit
p678,0.3325,39.6,260.1,57.6,32.1,0.3191,legit
p679,0.2427,74.4,160,52.8,27.9,0.1843,legit
p680,0.4286,116.5,273.5,54.4,53.5,0.2186,legit
p681,0.2745,52.1,250.1,71.3,76.0,0.2243,legit
p682,0.2788,65.4,294.8,33.5,44.9,0.2772,legit
p683,0.3749,89.5,295.4,62.6,21.0,0.3495,legit
p684,0.3119,114.4,161.2,79.1,61.4,0.2221,legit
p685,0.3847,109.0,241.1,68.2,20.4,0.1774,legit
p686,0.4302,119.4,238.2,49.0,23.4,0.2713,legit
p687,0.26,103.9,303.6,58.7,53.2,0.1987,legit
p688,0.3229,70.6,315.8,48.5,41.3,0.215,legit
p689,0.2558,79.8,332.2,63.0,16.8,0.2414,legit
p690,0.3283,181.4,282.8,54.3,60.6,0.0911,legit
p691,0.3475,144.9,264.8,34.0,27.9,0.3218,legit
p692,0.3701,74.0,239.2,51.6,41.5,0.3137,legit
p693,0.4242,106.4,210.1,40.1,44.6,0.1258,legit
p694,0.322,102.6,218.8,44.6,33.3,0.2553,legit
p695,0.4249,110.2,273.3,48.8,15.7,0.1842,legit
p696,0.3728,103.4,175.5,48.2,56.7,0.2255,legit
p697,0.2266,153.9,268.7,65.8,42.2,0.1943,legit
p698,0.2818,148.0,315.1,72.3,45.4,0.1498,legit
p699,0.4422,73.9,282.7,35.4,3,0.2423,legit
p700,0.2753,45.3,294.3,91.8,60.0,0.202,legit
p701,0.3407,117.2,320.5,54.8,35.6,0.241,legit
p702,0.3843,91.7,264.6,80.7,56.8,0.2534,legit
p703,0.4775,85.3,343.0,68.1,93.9,0.1365,legit
p704,0.2849,105.5,287.9,89.3,23.0,0.2833,legit
p705,0.433,112.6,226.8,81.1,57.1,0.262,legit
p706,0.3563,100.7,266.5,69.6,35.6,0.1606,legit
p707,0.2561,76.2,280.0,59.6,38.9,0.2551,legit
p708,0.2898,131.6,258.0,53.5,43.7,0.0914,legit
p709,0.2768,119.5,191.8,76.8,62.2,0.1941,legit
p710,0.3633,123.0,249.0,73.0,22.9,0.1866,legit
p711,0.2761,103.6,322.1,57.2,12.1,0.1442,legit
p712,0.3716,141.1,287.7,54.2,48.8,0.2032,legit
p713,0.3097,71.0,333.4,21.9,49.4,0.1875,legit
p714,0.3072,137.3,237.9,49.8,32.7,0.249,legit
p715,0.3047,55.7,231.0,79.2,36.3,0.2516,legit
p716,0.3191,78.5,345.5,57.2,27.0,0.2967,legit
p717,0.2822,80.1,270.5,60.0,39.7,0.3664,legit
p718,0.3669,35.5,284.7,60.6,35.8,0.2372,legit
p719,0.3377,93.7,297.6,51.9,17.9,0.4317,legit
p720,0.2827,97.5,202.7,61.7,18.2,0.189,legit
p721,0.4236,106.8,295.6,33.4,68.1,0.1366,legit
p722,0.4623,120.5,296.0,47.2,37.7,0.187,legit
p723,0.3423,88.8,178.3,76.8,33.5,0.1861,legit
p724,0.2952,104.0,229.8,26.2,42.3,0.2563,legit
p725,0.324,66.3,274.0,38.0,16.5,0.1675,legit
p726,0.4075,85.9,249.8,89.3,41.3,0.2437,legit
p727,0.3104,80.1,171.6,74.5,43.1,0.2075,legit
p728,0.329,113.4,200.0,51.2,14.5,0.344,legit
p729,0.4101,39.9,201.9,58.0,26.5,0.1273,legit
p730,0.4956,102.8,291.4,49.6,48.0,0.1934,legit
p731,0.3173,110.3,196.7,84.0,38.3,0.3097,legit
p732,0.254,71.9,217.7,63.8,36.2,0.1875,legit
p733,0.2589,63.3,267.8,53.0,22.7,0.3283,legit
p734,0.3334,126.8,246.0,63.7,34.0,0.1012,legit
p735,0.4543,91.6,303.6,48.7,32.0,0.1593,legit
p736,0.4389,102.8,286.5,80.4,55.8,0.2736,legit
p737,0.2263,77.6,224.8,70.9,38.1,0.1227,legit
p738,0.3249,57.6,267.6,35.2,44.5,0.2465,legit
p739,0.4926,116.2,251.0,72.3,9.8,0.1526,legit
p740,0.3667,41.0,268.3,44.7,36.8,0.1446,legit
p741,0.3739,95.5,333.0,60.1,21.2,0.2027,legit
p742,0.2325,105.2,296.5,97.0,23.8,0.2013,legit
p743,0.2939,100.3,287.2,59.2,54.6,0.1768,legit
p744,0.4189,108.5,269.5,55.3,78.7,0.1628,legit
p745,0.3638,76.2,350.4,73.3,22.8,0.2559,legit
p746,0.3606,82.1,304.1,65.8,38.9,0.2171,legit
p747,0.3745,100.7,272.7,50.4,65.5,0.1465,legit
p748,0.3742,87.0,349.2,46.4,21.8,0.1521,legit
p749,0.3659,60.7,248.5,27.7,39.3,0.185,legit
p750,0.221,122.1,211.2,72.0,22.4,0.3321,legit
p751,0.4,69.8,228.7,69.1,30.3,0.2081,legit
p752,0.4418,76.3,274.1,74.3,49.6,0.2088,legit
p753,0.3169,51.5,222.5,64.8,32.5,0.2252,legit
p754,0.4231,65.3,259.4,62.8,22.3,0.3202,legit
p755,0.4127,102.3,350.7,37.5,34.9,0.2456,legit
p756,0.2668,102.5,220.2,70.4,54.0,0.2391,legit
p757,0.1918,70.8,295.4,60.3,3,0.307,legit
p758,0.3509,74.5,314.8,49.8,22.6,0.2451,legit
p759,0.4825,135.6,286.2,66.9,49.2,0.132,legit
p760,0.3915,76.6,284.3,56.6,44.0,0.2283,legit
p761,0.0942,99.5,298.9,66.7,33.2,0.335,legit
p762,0.3649,105.9,317.0,65.4,18.8,0.0493,legit
p763,0.3018,114.0,254.1,72.0,37.7,0.3102,legit
p764,0.3164,106.7,292.8,82.5,4.3,0.1879,legit
p765,0.4079,133.6,280.8,55.6,48.6,0.2808,legit
p766,0.3112,103.3,323.1,88.4,48.4,0.2231,legit
p767,0.3357,108.9,264.8,62.8,16.0,0.3108,legit
p768,0.2488,84.2,274.4,89.9,27.4,0.1734,legit
p769,0.2959,136.5,160,45.0,84.2,0.2614,legit
p770,0.2515,94.0,273.0,72.7,68.1,0.2472,legit
p771,0.2968,114.7,238.6,44.5,3.3,0.1104,legit
p772,0.2683,65.6,284.1,42.0,3,0.1469,legit
p773,0.3023,79.9,338.4,50.8,50.9,0.2187,legit
p774,0.3366,74.1,267.4,48.5,38.1,0.2035,legit
p775,0.2644,119.8,289.2,53.3,37.6,0.2141,legit
p776,0.2706,96.8,242.1,45.8,5.8,0.1949,legit
p777,0.3854,77.6,383.4,73.3,58.5,0.2757,legit
p778,0.4882,75.3,160,53.3,45.0,0.2306,legit
p779,0.362,128.0,287.2,72.0,18.1,0.1433,legit
p780,0.4691,97.5,242.0,50.7,23.3,0.1704,legit
p781,0.2373,57.5,261.2,51.1,54.9,0.2405,legit
p782,0.3612,76.4,264.6,65.4,47.9,0.2134,legit
p783,0.4263,95.2,305.7,52.7,3,0.2388,legit
p784,0.398,109.4,289.0,54.8,20.5,0.2586,legit
p785,0.3741,81.0,319.9,46.8,24.5,0.3345,legit
p786,0.4095,86.0,282.9,62.3,3,0.1565,legit
p787,0.3359,86.1,281.1,76.9,29.2,0.146,legit
p788,0.366,86.8,263.0,55.6,75.4,0.0632,legit
p789,0.3089,94.9,234.8,73.5,49.6,0.2167,legit
p790,0.3183,92.2,265.3,58.8,31.6,0.2377,legit
p791,0.4003,64.2,222.7,33.8,50.6,0.2375,legit
p792,0.3804,59.3,350.3,50.9,38.0,0.2798,legit
p793,0.261,81.3,278.1,102.9,40.4,0.3324,legit
p794,0.4365,104.2,225.5,75.9,8.0,0.3321,legit
p795,0.356,30,254.7,69.8,30.7,0.2701,legit
p796,0.272,62.4,266.8,60.5,28.7,0.3059,legit
p797,0.272,102.8,273.1,36.6,11.3,0.2208,legit
p798,0.4985,109.5,192.3,20,48.2,0.2133,legit
p799,0.4313,73.0,285.8,72.7,26.9,0.1902,legit
p800,0.342,108.6,269.4,74.6,26.7,0.127,legit
p801,0.4982,79.9,244.4,59.0,36.2,0.1929,legit
p802,0.3386,94.0,277.9,24.6,68.9,0.2097,legit
p803,0.3864,60.5,248.8,49.9,61.5,0.179,legit
p804,0.4006,78.7,249.6,56.3,58.1,0.0877,legit
p805,0.2347,46.3,221.1,47.8,5.9,0.1686,legit
p806,0.1788,69.6,324.0,66.1,38.4,0.1498,legit
p807,0.2171,66.5,268.1,73.0,51.2,0.2641,legit
p808,0.281,95.6,255.5,57.0,71.7,0.0967,legit
p809,0.3212,125.3,204.0,50.3,25.5,0.2044,legit
p810,0.2123,109.9,300.0,67.6,19.3,0.2261,legit
p811,0.268,86.7,366.9,61.4,13.6,0.2326,legit
p812,0.2319,65.0,223.1,53.3,51.9,0.2605,legit
p813,0.3818,67.5,245.6,64.1,23.7,0.2005,legit
p814,0.3753,86.3,280.2,83.9,31.9,0.3026,legit
p815,0.3847,58.3,220.4,47.5,19.6,0.2137,legit
p816,0.3892,126.4,283.9,53.3,3,0.2249,legit
p817,0.3421,99.6,364.8,78.6,49.1,0.1527,legit
p818,0.299,92.6,235.1,67.5,41.4,0.1438,legit
p819,0.4357,97.6,192.2,59.2,40.1,0.2881,legit
p820,0.313,115.7,278.4,40.3,9.5,0.2986,legit
p821,0.4357,103.1,337.3,75.8,47.3,0.1562,legit
p822,0.4785,108.4,252.6,50.0,39.6,0.103,legit
p823,0.396,71.2,286.7,52.2,30.2,0.167,legit
p824,0.3271,142.2,332.3,65.3,34.5,0.2791,legit
p825,0.4304,74.3,266.5,32.7,55.2,0.3646,legit
p826,0.3464,41.9,297.4,46.4,23.1,0.2639,legit
p827,0.3604,82.8,240.8,61.9,27.6,0.1424,legit
p828,0.3134,103.5,262.0,38.8,52.8,0.0283,legit
p829,0.3043,79.5,276.7,68.4,55.3,0.1701,legit
p830,0.3869,99.9,193.0,88.5,9.1,0.2494,legit
p831,0.3712,101.9,247.7,72.4,6.9,0.2154,legit
p832,0.2949,78.1,289.3,76.2,28.8,0.2746,legit
p833,0.344,72.7,258.4,55.5,22.5,0.25,legit
p834,0.3588,55.2,195.7,66.4,20.3,0.2411,legit
p835,0.4025,63.2,206.5,85.1,41.3,0.1907,legit
p836,0.2653,82.2,216.4,73.3,21.0,0.2965,legit
p837,0.3079,68.9,250.8,20.6,32.8,0.2081,legit
p838,0.406,47.8,322.3,72.3,57.5,0.2163,legit
p839,0.4211,58.2,302.1,48.4,5.3,0.1413,legit
p840,0.3404,74.4,286.9,32.9,3,0.3161,legit
p841,0.4123,68.8,269.9,75.3,42.5,0.2304,legit
p842,0.4276,76.7,271.4,59.7,30.1,0.1927,legit
p843,0.3458,95.9,222.8,72.0,17.4,0.2047,legit
p844,0.3164,104.0,174.6,73.4,22.8,0.3054,legit
p845,0.3017,93.8,356.1,55.8,57.3,0.2227,legit
p846,0.3732,96.7,308.2,49.7,17.3,0.1753,legit
p847,0.348,89.5,302.0,79.6,17.4,0.1686,legit
p848,0.2251,145.8,283.7,67.2,10.9,0.2199,legit
p849,0.3807,88.7,318.4,94.7,18.0,0.1485,legit
p850,0.2698,135.2,316.9,58.0,35.7,0.1628,legit
p851,0.4112,85.5,258.3,69.1,31.6,0.2036,legit
p852,0.3408,114.9,344.1,68.8,49.5,0.206,legit
p853,0.2834,111.3,277.7,38.7,29.1,0.2142,legit
p854,0.2992,132.0,291.6,80.6,39.7,0.2257,legit
p855,0.2651,95.3,270.6,39.5,25.3,0.1974,legit
p856,0.3731,106.5,243.8,67.0,31.7,0.0191,legit
p857,0.3012,122.0,194.3,61.7,63.5,0.1668,legit
p858,0.3402,62.4,343.2,58.8,35.8,0.3148,legit
p859,0.3929,73.1,240.9,67.4,23.8,0.0718,legit
p860,0.3357,58.0,342.7,62.7,18.7,0.1711,legit
p861,0.1888,67.5,315.7,93.5,48.1,0.2136,legit
p862,0.3054,71.1,362.7,57.2,73.1,0.3175,legit
p863,0.2007,78.4,239.9,58.8,33.9,0.4297,legit
p864,0.2538,100.7,297.7,60.0,37.0,0.1469,legit
p865,0.3485,107.8,284.7,68.6,60.4,0.2856,legit
p866,0.3457,65.7,243.0,56.7,39.5,0.1865,legit
p867,0.2651,65.3,195.7,56.5,8.5,0.15,legit
p868,0.3085,61.6,287.1,71.1,25.1,0.1894,legit
p869,0.383,77.2,234.8,77.9,50.9,0.2621,legit
p870,0.4141,45.6,330.9,65.9,53.2,0.2471,legit
p871,0.3439,88.1,286.5,55.3,50.6,0.1089,legit
p872,0.2967,146.1,241.8,56.4,19.1,0.2435,legit
p873,0.2811,90.4,308.2,49.5,49.2,0.2776,legit
p874,0.4244,98.5,415.9,75.8,40.8,0.1587,legit
p875,0.3322,130.7,346.9,82.2,49.1,0.1321,legit
p876,0.379,64.0,203.1,63.6,44.4,0.2832,legit
p877,0.3798,108.3,225.7,58.4,7.9,0.0798,legit
p878,0.3993,76.2,309.3,76.6,23.9,0.2613,legit
p879,0.2871,48.9,275.5,52.9,27.1,0.3583,legit
p880,0.2179,104.6,225.2,73.6,40.4,0.2466,legit
p881,0.2644,75.9,311.7,86.6,43.6,0.1572,legit
p882,0.3671,155.7,274.6,81.9,21.7,0.2171,legit
p883,0.3896,104.9,235.5,47.9,52.8,0.3034,legit
p884,0.461,140.1,276.1,55.3,59.3,0.2699,legit
p885,0.2614,69.2,292.1,57.3,34.5,0.2951,legit
p886,0.4007,128.2,183.1,63.8,47.5,0.1131,legit
p887,0.2876,74.0,271.0,84.4,71.4,0.163,legit
p888,0.3821,109.0,287.4,66.0,40.5,0.3381,legit
p889,0.4282,68.5,305.8,73.4,40.7,0.2992,legit
p890,0.355,100.0,275.5,29.7,33.6,0.1732,legit
p891,0.2451,130.9,292.7,59.6,24.8,0.2407,legit
p892,0.4193,74.3,269.8,73.0,3,0.216,legit
p893,0.3057,91.7,247.4,62.1,69.6,0.1973,legit
p894,0.3633,144.9,245.2,87.2,35.1,0.3447,legit
p895,0.4,102.7,267.0,50.6,36.4,0.2828,legit
p896,0.339,87.1,258.7,74.9,57.1,0.1733,legit
p897,0.2865,104.5,338.7,77.2,12.5,0.2015,legit
p898,0.2656,88.3,342.2,38.7,5.9,0.162,legit
p899,0.363,110.5,289.7,77.6,3.3,0.3032,legit
b900,0.6013,179.6,116.9,18.0,87.1,0.6156,bot
b901,0.5249,165.6,122.9,21.0,103.3,0.6287,bot
b902,0.5879,183.5,184.0,8.1,98.4,0.5959,bot
b903,0.6045,140.8,173.6,10.8,74.6,0.496,bot
b904,0.6629,152.5,132.9,18.6,110.2,0.7287,bot
b905,0.5296,171.3,122.8,24.1,51.8,0.4325,bot
b906,0.5846,163.5,158.1,20.9,79.8,0.367,bot
b907,0.6637,163.9,179.0,13.8,31.9,0.4966,bot
b908,0.6978,168.2,145.0,12.8,132.7,0.397,bot
b909,0.5765,176.4,103.6,25.6,98.7,0.5899,bot
b910,0.6535,161.8,123.4,17.2,50.7,0.5486,bot
b911,0.6684,194.5,159.3,23.5,71.1,0.4522,bot
b912,0.6484,157.3,156.7,11.6,53.6,0.5635,bot
b913,0.6732,145.3,166.8,14.8,80.5,0.6417,bot
b914,0.6684,180.9,197.7,13.8,50.4,0.4278,bot
b915,0.6047,120,144.8,14.7,103.5,0.5352,bot
b916,0.584,176.8,168.1,13.4,65.2,0.2775,bot
b917,0.5546,150.2,151.9,12.3,64.6,0.3775,bot
b918,0.6303,173.5,160.1,18.1,33.8,0.438,bot
b919,0.5956,156.9,151.9,26.6,104.4,0.4012,bot
b920,0.6607,177.8,129.8,23.1,75.2,0.359,bot
b921,0.6473,169.3,144.3,17.8,58.4,0.561,bot
b922,0.6174,168.3,158.9,11.1,53.2,0.279,bot
b923,0.6539,140.8,153.3,20.2,98.1,0.3796,bot
b924,0.6161,198.4,192.9,23.9,90.1,0.3995,bot
b925,0.6631,161.8,164.0,14.2,74.8,0.5164,bot
b926,0.6348,174.9,135.5,9.9,128.7,0.7489,bot
b927,0.6468,138.5,130.7,21.1,120.2,0.3787,bot
b928,0.6125,168.9,171.6,15.9,33.1,0.5621,bot
b929,0.6875,163.3,160.1,15.2,54.6,0.6026,bot
b930,0.6432,174.8,187.6,11.7,63.4,0.5158,bot
b931,0.5861,180.7,145.3,12.0,82.0,0.517,bot
b932,0.6761,172.9,161.5,19.9,74.4,0.4284,bot
b933,0.6373,158.3,192.2,26.1,99.0,0.5378,bot
b934,0.6147,139.8,144.6,18.6,86.9,0.547,bot
b935,0.6753,151.2,132.9,26.7,103.1,0.4609,bot
b936,0.6136,162.9,150.8,20.8,156.0,0.519,bot
b937,0.6598,131.3,137.9,25.4,92.1,0.25,bot
b938,0.6604,203.4,100.1,27.1,10,0.5938,bot
b939,0.6195,120,161.2,24.9,90.9,0.5585,bot
b940,0.5953,127.8,167.3,28.5,113.9,0.3012,bot
b941,0.5291,148.1,110.2,18.3,91.8,0.357,bot
b942,0.6666,177.0,136.3,17.0,21.5,0.4668,bot
b943,0.6204,168.4,159.5,19.5,72.1,0.5286,bot
b944,0.6801,163.1,157.9,16.9,60.6,0.5523,bot
e945,0.5117,167.3,142.2,20.5,47.8,0.3746,evasive
e946,0.4953,167.3,143.4,26.2,43.3,0.4948,evasive
e947,0.5143,159.7,136.0,13.3,88.7,0.4686,evasive
e948,0.529,159.6,152.9,20.2,49.1,0.4719,evasive
e949,0.5299,174,143.5,20.0,41.5,0.3077,evasive
e950,0.5158,171.9,145.6,22.1,33.1,0.4113,evasive
e951,0.5352,167.6,143.0,18.0,74.1,0.25,evasive
e952,0.5257,174,132.9,20.8,54.8,0.3769,evasive
e953,0.5355,167.8,142.9,26.0,55.4,0.55,evasive
e954,0.5223,166.2,131.7,19.3,80.2,0.3332,evasive
e955,0.4876,165.2,150.2,22.2,47.6,0.3071,evasive
e956,0.5268,169.0,131.3,27.7,71.8,0.4566,evasive
e957,0.5288,168.9,145.1,26.3,15.0,0.3249,evasive
e958,0.509,164.2,144.3,23.6,79.6,0.4574,evasive
e959,0.5069,166.4,136.9,21.1,62.1,0.25,evasive
e960,0.545,168.4,138.4,31.6,47.4,0.4066,evasive
e961,0.5127,174,141.4,22.7,81.5,0.4293,evasive
e962,0.5192,171.7,157.2,23.6,57.6,0.4085,evasive
e963,0.5397,161.4,140.3,14.3,29.0,0.3741,evasive
e964,0.5192,174,145.2,17.4,39.0,0.4687,evasive
e965,0.5369,165.2,139.3,27.6,33.1,0.4196,evasive
e966,0.545,166.2,137.3,24.1,44.7,0.3303,evasive
e967,0.5305,171.7,140.1,20.1,33.8,0.3925,evasive
e968,0.5116,158.9,153.4,24.3,67.6,0.4442,evasive
e969,0.5316,162.5,143.6,20.7,64.6,0.4171,evasive
e970,0.5143,157.0,142.9,21.0,13.4,0.4254,evasive
e971,0.5345,174,139.7,19.3,30.6,0.4104,evasive
e972,0.523,160.1,141.0,12.1,75.4,0.3615,evasive
e973,0.5195,156.4,138.5,20.6,54.8,0.424,evasive
e974,0.5416,169.4,147.8,29.2,67.5,0.3982,evasive
e975,0.5351,171.4,145.9,14.7,36.5,0.3863,evasive
e976,0.5317,164.9,148.8,28.6,81.4,0.4603,evasive
e977,0.5044,167.9,138.4,13.8,48.7,0.4662,evasive
e978,0.5269,174,143.1,34.2,58.9,0.4011,evasive
e979,0.5008,171.7,139.0,18.8,83.2,0.4579,evasive
c980,0.4306,85.9,267.7,59.1,49.1,0.3287,colluder
c981,0.3695,144.4,310.4,56.5,49.9,0.3394,colluder
c982,0.4999,124.7,271.2,56.7,45.4,0.3372,colluder
c983,0.3747,106.4,272.3,55.1,32.1,0.2295,colluder
c984,0.4774,89.0,272.4,47.0,47.9,0.3157,colluder
c985,0.47,100.1,295.8,57.7,44.5,0.242,colluder
c986,0.3447,98.4,290.3,55.6,30.6,0.3395,colluder
c987,0.5568,64.9,213.3,45.6,33.1,0.2827,colluder
c988,0.3873,99.3,293.8,49.6,30.6,0.2186,colluder
c989,0.2133,66.0,219.5,71.5,39.4,0.2628,colluder
c990,0.1928,57.9,299.8,20,57.0,0.0924,colluder
c991,0.4075,72.8,317.2,108.1,3,0.2687,colluder
c992,0.1953,105.7,260.7,61.9,18.6,0.2746,colluder
c993,0.2241,126.0,251.6,39.0,63.7,0.2153,colluder
c994,0.4926,125.5,234.1,58.7,37.2,0.3268,colluder
c995,0.375,99.4,261.0,59.2,58.5,0.2203,colluder
c996,0.3084,80.9,245.1,39.0,21.5,0.3249,colluder
c997,0.3235,112.6,160,68.5,32.1,0.1863,colluder
c998,0.3545,82.6,174.4,73.8,39.4,0.198,colluder
c999,0.2627,58.3,280.1,84.2,38.7,0.1232,colluder
c1000,0.358,93.7,308.9,69.1,3,0.2582,colluder
c1001,0.2597,59.5,261.5,66.2,5.5,0.2693,colluder
c1002,0.4011,96.2,231.0,45.3,53.5,0.1142,colluder
c1003,0.4252,90.9,265.7,34.4,32.4,0.263,colluder
c1004,0.2331,107.5,274.0,50.3,50.4,0.0658,colluder
c1005,0.3677,135.5,334.8,65.8,29.6,0.1755,colluder
c1006,0.3158,108.6,233.7,71.4,73.4,0.2157,colluder
c1007,0.2324,61.4,304.9,59.1,50.8,0.1826,colluder
c1008,0.4064,91.0,237.0,54.0,13.5,0.3593,colluder
c1009,0.3323,111.1,245.8,44.2,30.8,0.2971,colluder
c1010,0.2983,73.2,277.0,67.5,64.6,0.2448,colluder
c1011,0.3915,113.0,218.1,45.6,15.5,0.1267,colluder
c1012,0.4036,102.3,273.6,21.1,72.0,0.1574,colluder
c1013,0.5041,58.8,233.4,27.0,41.5,0.1429,colluder
c1014,0.2542,60.7,305.0,70.7,67.6,0.172,colluder
c1015,0.3575,62.8,254.9,52.2,43.4,0.2912,colluder
c1016,0.4193,73.9,314.9,59.3,29.2,0.1704,colluder
c1017,0.2952,138.6,283.8,62.6,30.3,0.3912,colluder
c1018,0.4444,77.0,257.7,56.8,37.6,0.1709,colluder
c1019,0.3751,131.3,210.9,43.1,26.3,0.1894,colluder
